<!--  id : 	a unique id to all configuration file
			best way to name id attribute is using the same name 
			as file's name without the file extension
			 -->
<validatorConfiguration id="test-template"> 
<!--
<validatorConfiguration id="mapping2"> 
	  <template name="RootTemplate">	
	  	<properties>
	  		<property name="trackingID">
				<notEmpty message="trackingID cannot be blank"/>
			</property>
	  		<property name="transmitDate">
				<isDate pattern="yyyy-MM-dd" min="(@todate,-1,M)" max="(@todate,0,D)" message="Date must be within a month"/>
			</property>
	  		<property name="sourceSystem">
				<notEmpty message="sourceSystem cannot be blank"/>
			</property>
			<property name="clients" template="ClientTemplate" isList="true"/>
		</properties>	
	  </template>
</validatorConfiguration"> 
	Below are supported validation.
	
	isContain		validate that property value must exist in a give set
		
	required   		validate that json property must exist in the json stream.
	
	notEmpty   		Validates that the json property value is not null or empty.
	
	matchPattern	Validate that the json property value having valid regex pattern
	
	size 			Validates that the json property value has a size between the attributes min and max
					can be applied to String
					
	min 			Validates that the json property value has a value no smaller than the value attribute
					can be applied to integer only
					
	max 			Validates that the json property value has a value no larger than the value attribute
					can be applied to integer only
					
	isDate 			Validates that the json property value has valid date and valid format. 
	  
					Example :
					<isDate pattern="yyyy-MM-dd" min="1700-01-01" max="(@todate,0,D)" message="dateOfBirth must be valid and must be less then today's date"/>
					isDate will not be evaluated if the value is null or blank					
					minimal date must between 1700-01-01 and today's date.  
					min and max attribute must match date pattern from pattern attribute
					OR add date function (@todate,[int],D|M|Y) .  
					@todate : is today's date.  
					[int] 	: is integer , negative or positive.
					D|M|Y	: D for day, M for Month, or Y for year
					Examples : 
						1.  5 days less than today's date is (@todate,-5,D)
						2.  2 months less than today's date is (@todate,-5,M)
						3.  5 days more than today's date is (@todate,5,D)
						4.  1 years from today's date is (@todate,1,Y)
						5.  today's date is (@todate,0,D)
	<property name="DBO">
		<notEmpty message="Id cannot be blank"/>
		<matchPattern value="" message=""/>
		<min value="3" message=""/> 			
		<max value="5" message=""/> 			
		<size min="4" max="30" message="First Name must have at least 4 chars and maximum of 30"/> 	
		<isDate pattern="MM/dd/yyyy" min="(@todate,-3,M)" max="" message="First Name must have at least 4 chars and maximum of 30"/> 			
	</property>

	<property name="hiredDate">
		<notEmpty message="Id cannot be blank"/>
		<isContain value="MALE|FEMALE" message="Please enter a valid gender" caseSensitive="true"/>
		<matchPattern value="" message=""/>
		<min value="3" message=""/> 			
		<max value="5" message=""/> 			
		<size min="4" max="30" message="First Name must have at least 4 chars and maximum of 30"/> 	
		<isDate pattern="MM-dd-yyyy" min="(@todate,0,D)" max="2020-01-01" message="First Name must have at least 4 chars and maximum of 30"/> 			
	</property>

	-->
  <templates>
  	  <!-- Root template -->
  	  
	  <template name="RootTemplate">	
	  	<properties>
	  		<property name="trackingID">
				<notEmpty message="trackingID cannot be blank"/>
				<size min="4" max="30" message="First Name must have at least 4 chars and maximum of 30"/> 	
				
			</property>
	  		<property name="transmitDate">
				<isDate pattern="yyyy-MM-dd" min="1700-01-01"  message="Date must be within a month"/>
			</property>
	  		<property name="sourceSystem">
				<notEmpty message="sourceSystem cannot be blank"/>
			</property>
			<!-- isList : 	if true, each item from list will be validated using a defined template.
							or false or absence or attribute, a single structure will be validated using a defined template.-->
			<property name="clients" template="ClientTemplate" isList="true"/>
		</properties>	
	  </template>
	 
	   <template name="ClientTemplate">	
	   	<properties>
	  		<property name="messageID">
				<notEmpty message="messageID cannot be blank"/>
			</property>
	  		<property name="id">
				<notEmpty message="id cannot be blank"/>
			</property>
	  		<property name="eMoneyId">
				<notEmpty message="eMoneyId cannot be blank"/>
			</property>	
			<!-- if template attribute exist, a defined template shall be use to validate the data structure  -->		
			<property name="client" template="PersonInfoTemplate"/>
			<property name="spouse" template="PersonInfoTemplate"/>
			
		</properties>
	   </template>
	
	   <template name="PersonInfoTemplate">	
	   	<properties>
	  		<property name="companyName">
				<notEmpty message="Company Name cannot be blank"/>
			</property>
			<property name="businessPhone">
				<notEmpty message="businessPhone cannot be blank"/>
				<!--  min length of string must be 10 chars -->
				<size min="10" message="businessPhone minimum 10 chars"/> 		
			</property>
			<property name="job.address1">
				<notEmpty message="job.address1 cannot be blank"/>
				<!--  Max length of char cannot be more than 50 chars -->
				<size max="50" message="job.address1 maximum of 50"/> 		
			</property>
			<property name="dateOfBirth">
				<!--  Date cannot blank-->
				<notEmpty message="dateOfBirth cannot be blank"/>
				<!-- minimal date must between 1700-01-01 and todate.  isDate is nullable-->
				<!-- min and max attribute must match date pattern from pattern attribute
					OR add date function (@todate,[int],D|M|Y) .  
						@todate : is today's date.  
						[int] 	: is integer , negative or positive.
						D|M|Y	: D for day, M for Month, or Y for year
						Examples : 
							1.  5 days less than today's date is (@todate,-5,D)
							2.  2 months less than today's date is (@todate,-5,M)
							3.  5 days more than today's date is (@todate,5,D)
							4.  1 years from today's date is (@todate,1,Y)
							5.  today's date is (@todate,0,D)
					-->
				<isDate pattern="yyyy-MM-dd" min="1700-01-01" max="(@todate,0,D)" message="dateOfBirth must be valid and must be less then today's date"/>
			</property>
			
	  		<property name="inGoodHealth">
				<notEmpty message="inGoodHealth cannot be blank"/>
				<!-- matchPattern for True or False value -->
				<matchPattern value="^([Tt][Rr][Uu][Ee]|[Ff][Aa][Ll][Ss][Ee])$" message="inGoodHealth must be true or false"/>
				<matchPattern value="^([USCitizen]|[ResidentAlien]|[NonResidentAlien])$" message="inGoodHealth must be true or false"/>
				<validSet value="Me|You|Others" />
			</property>
			<!--
			
			"   &quot;
			'   &apos;
			<   &lt;
			>   &gt;
			&   &amp; 
			 -->
	  		<property name="email">
				<notEmpty message="email cannot be blank"/>
				<!-- matchPattern for email validation -->
				<matchPattern value="^[\\w!#$%&amp;'*+/=?`{|}~^-]+(?:\\.[\\w!#$%&amp;'*+/=?`{|}~^-]+)*@(?:[a-zA-Z0-9-]+\\.)+[a-zA-Z]{2,6}$" message="Invalid email"/>
			</property>
			
	   	</properties>
	   </template>
	  
  </templates>	 
</validatorConfiguration>