{
  "swagger" : "2.0",
  "info" : {
    "description" : "API for Creating,Updating and Deleting Client Note from eMoeny to Salesforce",
    "version" : "1.0.0",
    "title" : "IS note service for eMoney",
    "contact" : {
      "name" : "API Team",
      "url" : "http://liquidhub.com",
      "email" : "apiteam@liquidhub.com.com"
    },
    "license" : {
      "name" : "Apache 2.0",
      "url" : "http://www.apache.org/licenses/LICENSE-2.0.html"
    }
  },
  "host" : "api.qa.emx.lhdip.com:8090",
  "basePath" : "/v1/emx/notes",
  "schemes" : [ "http" ],
  "consumes" : [ "application/json" ],
  "produces" : [ "application/json" ],
  "paths" : {  
    "/" : {
      "post" : {
        "tags" : [ "Create note" ],
        "summary" : "Create a EMX Note Resource",
        "operationId" : "createNote",
        "produces" : [ "application/json" ],
        "parameters" : [
         {
            "in": "body",
            "name": "body",
            "required": false,
            "schema": {
              "$ref": "#/definitions/EMXNoteRequest"
            }
          }
        ],
        "responses" : {
          "201" : {
            "description" : "Status SUCCESS 201",
            "schema" : {
              "type" : "string",
              "example" : "SUCCESS"
            },
            "examples" : {
              "application/json" : "SUCCESS"
            }
          },
          "500" : {
            "description" : "Status Internal Server Error 500",
            "schema" : {
              "$ref" : "#/definitions/RestErrorInfo"
            }
          },
          "400" : {
            "description" : "Status Bad Request 400",
            "schema" : {
              "$ref" : "#/definitions/RestErrorInfo"
             }
            },
          "401" : {
            "description" : "Status unauthorized 401",
            "schema" : {
              "$ref" : "#/definitions/RestErrorInfo"
            }
          }
        }
      },
      "put" : {
        "tags" : [ "Update note" ],
        "summary" : "Update a EMX Note Resource",
        "operationId" : "updateNote",
        "produces" : [ "application/json" ],
        "parameters" : [
         {
            "in": "body",
            "name": "body",
            "required": false,
            "schema": {
              "$ref": "#/definitions/EMXNoteRequest"
            }
          }
        ],
        "responses" : {
          "200" : {
            "description" : "Status SUCCESS 200",
            "schema" : {
              "type" : "string",
              "example" : "SUCCESS"
            },
            "examples" : {
              "application/json" : "SUCCESS"
            }
          },
          "500" : {
            "description" : "Status Internal Server Error 500",
            "schema" : {
              "$ref" : "#/definitions/RestErrorInfo"
            }
          },
          "400" : {
            "description" : "Status Bad Request 400",
            "schema" : {
              "$ref" : "#/definitions/RestErrorInfo"
            }
          },
          "401" : {
            "description" : "Status Unathorized 401",
            "schema" : {
              "$ref" : "#/definitions/RestErrorInfo"
            }
          },
          "404" : {
            "description" : "Status Not Found 404",
            "schema" : {
              "$ref" : "#/definitions/RestErrorInfo"
            }
          }
        }
      }
    }, 
    "/clients/{eMoneyId}/notes/{eMoneyNoteId}" : {
      "delete" : {
       "tags" : [ "Delete note" ],
        "summary" : "Delete a EMX Note Resource",
        "operationId" : "deleteNote",
        "produces" : [ "application/json" ],
        "parameters" : 
        [ 
          {
          	"name" : "eMoneyId",
          	"in" : "path",
          	"required" : true,
          	"type" : "string"
	      }, 
          {
          	"name" : "eMoneyNoteId",
          	"in" : "path",
          	"required" : true,
          	"type" : "string"
	      }, 
	      {
	          "name" : "trackingId",
	          "in" : "query",
	          "required" : true,
	          "type": "string"
	      },
	      {
	          "name" : "office",
	          "in" : "query",
	          "required" : true,
	          "type": "string"
	      }
	    ],
        "responses" : {
          "204" : {
            "description" : "Status SUCESS 204"
          },
          "401" : {
            "description" : "Status Unautorized 401",
            "schema" : {
              "$ref" : "#/definitions/RestErrorInfo"
            }
          },
          "404" : {
            "description" : "Status Not Found 404",
            "schema" : {
              "$ref" : "#/definitions/RestErrorInfo"
            }
          },
          "500" : {
            "description" : "Status Internal Server Error 500",
            "schema" : {
              "$ref" : "#/definitions/RestErrorInfo"
            }
          }
        }
      }      
    }   
  },      
  
  "definitions" : {
    "RestErrorInfo" : {
      "type" : "object",
      "properties" : {
      	"code" : {
          "type" : "string"
        },
        "message" : {
          "type" : "string"
        }
      }
    },
  
  "EMXNoteRequest" : {
      "type" : "object",
      "properties" : {
      "trackingID" : {
          "type" : "string"
        },
        "sourceSystem" : {
          "type" : "string"
        },
        "notes" : {
          "type" : "array",
          "items" : {
            "$ref" : "#/definitions/EMXNotesWrapper"
          }
        }
      }
    },       
   "EMXNotesWrapper" : {
      "type" : "object",
      "properties" : {
      	"metadata" : {
          "$ref" : "#/definitions/Metadata"
         },
      	"note" : {
          "$ref" : "#/definitions/EMXNote"
          }
        }        
    },
    "Metadata" : {
      "type" : "object",
      "properties" : {   
        "office" : {
          "type" : "string"
        }
      }
    },
    "EMXNote" : {
      "type" : "object",
      "properties" : {        
        "eMoneyId" : {
          "type" : "string"
        },
        "eMoneyNoteId" : {
          "type" : "string"
        },
        "text" : {
          "type" : "string"
        }
      }
    }
  } 
}

        
  
