{
  "swagger" : "2.0",
  "info" : {
    "description" : "API for creating,updating and deleting client from eMoney to Salesforce",
    "version" : "1.0.0",
    "title" : "IS client service for eMoney",
    "contact" : {
      "name" : "API Team",
      "url" : "http://liquidhub.com",
      "email" : "apiteam@liquidhub.com.com"
    },
    "license" : {
      "name" : "Apache 2.0",
      "url" : "http://www.apache.org/licenses/LICENSE-2.0.html"
    }
  },
  "host" : "api.qa.emx.lhdip.com:8090",
  "basePath" : "/v1/emx/clients",
  "schemes" : [ "http" ],
  "consumes" : [ "application/json" ],
  "produces" : [ "application/json" ],
  "paths" : {  
    "/" : {
      "post" : {
        "tags" : [ "Create client" ],
        "summary" : "Create a EMXClient Resource",
        "operationId" : "createClient",
        "produces" : [ "application/json" ],
        "parameters" : [
         {
            "in": "body",
            "name": "body",
            "required": false,
            "schema": {
              "$ref": "#/definitions/EMoneyClientRequest"
            }
          }
        ],
        "responses" : {
          "201" : {
            "description" : "Status SUCCESS 201",
            "schema" : {
              "type" : "string",
              "example" : "SUCCESS"
            },
            "examples" : {
              "application/json" : "SUCCESS"
            }
          },
          "500" : {
            "description" : "Status Internal Server Error 500",
            "schema" : {
              "$ref" : "#/definitions/RestErrorInfo"
            }
          },
          "400" : {
            "description" : "Status Bad Request 400",
            "schema" : {
              "$ref" : "#/definitions/RestErrorInfo"
             }
            },
          "401" : {
            "description" : "Status unauthorized 401",
            "schema" : {
              "$ref" : "#/definitions/RestErrorInfo"
            }
          }
        }
      },
      "put" : {
        "tags" : [ "Update Client" ],
        "summary" : "Update a EMXClient Resource",
        "operationId" : "updateClient",
        "produces" : [ "application/json" ],
        "parameters" : [
         {
            "in": "body",
            "name": "body",
            "required": false,
            "schema": {
              "$ref": "#/definitions/EMoneyClientRequest"
            }
          }
        ],
        "responses" : {
          "200" : {
            "description" : "Status SUCCESS 200",
            "schema" : {
              "type" : "string",
              "example" : "SUCCESS"
            },
            "examples" : {
              "application/json" : "SUCCESS"
            }
          },
          "500" : {
            "description" : "Status Internal Server Error 500",
            "schema" : {
              "$ref" : "#/definitions/RestErrorInfo"
            }
          },
          "400" : {
            "description" : "Status Bad Request 400",
            "schema" : {
              "$ref" : "#/definitions/RestErrorInfo"
            }
          },
          "401" : {
            "description" : "Status Unathorized 401",
            "schema" : {
              "$ref" : "#/definitions/RestErrorInfo"
            }
          },
          "404" : {
            "description" : "Status Not Found 404",
            "schema" : {
              "$ref" : "#/definitions/RestErrorInfo"
            }
          }
        }
      }      
    }, 
    "/{clientId}" : {
      "delete" : {
        "tags" : [ "Delete Client" ],
        "summary" : "delete Clients resource",
        "operationId" : "deleteClient",
        "produces" : [ "application/json" ],
        "parameters" : 
        [ 
          {
          	"name" : "clientId",
          	"in" : "path",
          	"required" : true,
          	"type" : "string"
	      }, 
          {
          	"name" : "trackingId",
          	"in" : "query",
          	"required" : true,
          	"type" : "string"
	      }, 	      
	      {
	          "name" : "offfice",
	          "in" : "query",
	          "required" : true,
	          "type": "string"
	      } 
	    ],
        "responses" : {
          "200" : {
            "description" : "Status SUCESS 200",
            "schema" : {
              "type" : "string",
              "example" : "SUCCESS"
            },
            "examples" : {
              "application/json" : "SUCCESS"
            }
          },
          "401" : {
            "description" : "Status Unautorized 401",
            "schema" : {
              "$ref" : "#/definitions/RestErrorInfo"
            }
          },
          "404" : {
            "description" : "Status Not Found 404",
            "schema" : {
              "$ref" : "#/definitions/RestErrorInfo"
            }
          },
          "500" : {
            "description" : "Status Internal Server Error 500",
            "schema" : {
              "$ref" : "#/definitions/RestErrorInfo"
            }
          }
        }
      }      
    }   
  },      
  
  "definitions" : {
    "RestErrorInfo" : {
      "type" : "object",
      "properties" : {
      	"code" : {
          "type" : "string"
        },
        "message" : {
          "type" : "string"
        }
      }
    },
  "EMoneyClientRequest" : {
      "type" : "object",
      "properties" : {
      	"trackingID" : {
          "type" : "string"
        },
        "sourceSystem" : {
          "type" : "string"
        },
        "clients" : {
          "type" : "array",
          "items" : {
            "$ref" : "#/definitions/EMoneyClientData"
          }
        }
      }
    },    
   "EMoneyClientData" : {
      "type" : "object",
      "properties" : {
      	"metadata" : {
          "$ref" : "#/definitions/Metadata"
        },
      	"messageID" : {
          "type" : "string"
        },
		    "id" : {
          "type" : "string"
        }, 
        "eMoneyId" : {
          "type" : "string"
        },    
        "address1" : {
          "type" : "string"
        },
        "address2" : {
          "type" : "string"
        },
        "city" : {
          "type" : "string"
        },
        "state" : {
          "type" : "string"
        }, 
        "postalCode" : {
          "type" : "string"
        },
        "homePhone" : {
          "type" : "string"
        },
        "fax" : {
          "type" : "string"
        },
        "maritalStatus" : {
          "type" : "string"
        },   
        "basePlanId" : {
          "type" : "string"
        },  
        "ownerId":{
          "type" :"string"
        },
        "client" : {
          "$ref" : "#/definitions/Client"
        },
        "spouse" : {
          "$ref" : "#/definitions/Client"
        }        
      }
    },
    "Metadata" : {
      "type" : "object",
      "properties" : {        
       "office" : {
          "type" : "string"
        }
      }
    },
    "Client" : {
      "type" : "object",
      "properties" : {        
        "firstName" : {
          "type" : "string"
        },
        "lastName" : {
          "type" : "string"
        },
        "dateOfBirth" : {
          "type" : "string"
        },
        "gender" : {
          "type" : "string"
        },
        "specialNeeds" : {
          "type" : "boolean"
        },
        "inGoodHealth" : {
          "type" : "boolean"
        },
        "previousMarriages" : {
          "type" : "boolean"
        },
        "citizenship" : {
          "type" : "string"
        },
        "email" : {
          "type" : "string"
        },
        "cellPhone" : {
          "type" : "string"
        },
        "jobTitle" : {
          "type" : "string"
        },
        "job.address1" : {
          "type" : "string"
        },
        "job.address2" : {
          "type" : "string"
        },
        "job.city" : {
          "type" : "string"
        },
        "job.state" : {
          "type" : "string"
        },
        "job.postalcode" : {
          "type" : "number"
        },                
        "businessEmail" : {
          "type" : "string"
        },
        "businessPhone" : {
          "type" : "string"
        },
        "businessFax" : {
          "type" : "string"
        },      
        "companyName" : {
          "type" : "string"
        },
        "previousEmployerName" : {
          "type" : "string"
        },
        "previousJobTitle" : {
          "type" : "string"
        },
        "previousYearsEmployed" : {
          "type" : "integer"
        },
        "yearsEmployed" : {
          "type" : "integer"
        }
      }
    }
  } 
}

        
  
