{
  "swagger": "2.0",
  "info": {
    "description": "IS API creating, updating and deleting task from eMoney to Salesforce",
    "version": "1.0.0",
    "title": "IS task service from eMoney to Salesforce",
    "contact": {
      "name": "API Team",
      "url": "http://liquidhub.com",
      "email": "apiteam@liquidhub.com.com"
    },
    "license": {
      "name": "Apache 2.0",
      "url": "http://www.apache.org/licenses/LICENSE-2.0.html"
    }
  },
  "host": "api.qa.emx.lhdip.com:8090",
  "basePath": "/v1/emx/tasks",
  "schemes": [
    "http",
    "https"
  ],
  "consumes": [
    "application/json"
  ],
  "produces": [
    "application/json"
  ],
  "paths": {
    "/": {
      "post": {
        "tags": [
          "Create task"
        ],
        "summary": "create a task resource",
        "operationId": "createTask",
        "produces": [
          "application/json"
        ],
        "parameters": [
          {
            "in": "body",
            "name": "body",
            "required": false,
            "schema": {
              "$ref": "#/definitions/TaskRequest"
            }
          }
        ],
        "responses": {
          "201": {
            "description": "Status SUCCESS 201",
            "schema": {
              "$ref": "#/definitions/SucessInfo"
            }
          },
          "401": {
            "description": "Status Unauthorized 401",
            "schema": {
              "$ref": "#/definitions/Unauthorized"
            }
          },
          "404": {
            "description": "Status NotFound 404",
            "schema": {
              "$ref": "#/definitions/Notfound"
            }
          },
          "500": {
            "description": "Status InternalServer error 500",
            "schema": {
              "$ref": "#/definitions/InternalServerError"
            }
          },
          "501": {
            "description": "Status BadgateWay 501",
            "schema": {
              "$ref": "#/definitions/BadGateWay"
            }
          },
          "502": {
            "description": "Status RestErrorInfo 502",
            "schema": {
              "$ref": "#/definitions/NotImplemented"
            }
          }
        }
      },
      "put": {
        "tags": [
          "Update task"
        ],
        "summary": "update a task resource",
        "operationId": "updateTask",
        "produces": [
          "application/json"
        ],
        "parameters": [
          {
            "in": "body",
            "name": "body",
            "required": false,
            "schema": {
              "$ref": "#/definitions/TaskRequest"
            }
          }
        ],
        "responses": {
          "200": {
            "description": "Status SUCCESS 200",
            "schema": {
              "$ref": "#/definitions/SucessInfo"
            }
          },
          "401": {
            "description": "Status Unauthorized 401",
            "schema": {
              "$ref": "#/definitions/Unauthorized"
            }
          },
          "404": {
            "description": "Status NotFound 404",
            "schema": {
              "$ref": "#/definitions/Notfound"
            }
          },
          "500": {
            "description": "Status InternalServer error 500",
            "schema": {
              "$ref": "#/definitions/InternalServerError"
            }
          },
          "501": {
            "description": "Status BadgateWay 501",
            "schema": {
              "$ref": "#/definitions/BadGateWay"
            }
          },
          "502": {
            "description": "Status RestErrorInfo 502",
            "schema": {
              "$ref": "#/definitions/NotImplemented"
            }
          }
        }
      }
    },
    "/{eMoneyTaskId}": {
      "delete": {
        "tags": [
          "Delete task"
        ],
        "summary": "delete task resource",
        "operationId": "deleteTasks",
        "produces": [
          "application/json"
        ],
        "parameters": [
          {
            "name": "eMoneyTaskId",
            "in": "path",
            "required": true,
            "type": "string"
          },
          {
            "name": "trackingId",
            "in": "query",
            "required": true,
            "type": "string"
          },
          {
            "name": "office",
            "in": "query",
            "required": true,
            "type": "string"
          }
        ],
        "responses": {
          "204": {
            "description": "Status SUCCESS 204"
          },
          "401": {
            "description": "Status Unauthorized 401",
            "schema": {
              "$ref": "#/definitions/Unauthorized"
            }
          },
          "404": {
            "description": "Status NotFound 404",
            "schema": {
              "$ref": "#/definitions/Notfound"
            }
          },
          "406": {
            "description": "Status RestErrorInfo 406",
            "schema": {
              "$ref": "#/definitions/RestErrorInfo"
            }
          },
          "500": {
            "description": "Status InternalServer error 500",
            "schema": {
              "$ref": "#/definitions/InternalServerError"
            }
          },
          "501": {
            "description": "Status BadgateWay 501",
            "schema": {
              "$ref": "#/definitions/BadGateWay"
            }
          },
          "502": {
            "description": "Status RestErrorInfo 502",
            "schema": {
              "$ref": "#/definitions/NotImplemented"
            }
          }
        }
      }
    }
  },
  "definitions": {
    "SucessInfo": {
      "type": "object",
      "properties": {
        "code": {
          "type": "string"
        },
        "message": {
          "type": "string"
        }
      }
    },
    "Unauthorized": {
      "type": "object",
      "properties": {
        "code": {
          "type": "string"
        },
        "message": {
          "type": "string"
        }
      }
    },
    "Notfound": {
      "type": "object",
      "properties": {
        "code": {
          "type": "string"
        },
        "message": {
          "type": "string"
        }
      }
    },
    "BadGateWay": {
      "type": "object",
      "properties": {
        "code": {
          "type": "string"
        },
        "message": {
          "type": "string"
        }
      }
    },
    "NotImplemented": {
      "type": "object",
      "properties": {
        "code": {
          "type": "string"
        },
        "message": {
          "type": "string"
        }
      }
    },
    "InternalServerError": {
      "type": "object",
      "properties": {
        "code": {
          "type": "string"
        },
        "message": {
          "type": "string"
        }
      }
    },
    "RestErrorInfo": {
      "type": "object",
      "properties": {
        "code": {
          "type": "string"
        },
        "detail": {
          "type": "string"
        }
      }
    },
    "TaskRequest": {
      "type": "string",
      "properties": {
        "trackingID": {
          "type": "string"
        },
        "sourceSystem": {
          "type": "string"
        },
        "tasks": {
          "type": "array",
          "items": {
            "$ref": "#/definitions/Tasks"
          }
        }
      }
    },
    "Tasks": {
      "type": "object",
      "required": [
        "metadata",
        "task"
      ],
      "properties": {
        "metadata": {
          "$ref": "#/definitions/Metadata"
        },
        "task": {
          "$ref": "#/definitions/Task"
        }
      }
    },
    "Metadata": {
      "type": "object",
      "required": [
        "office"
      ],
      "properties": {
        "office": {
          "type": "string"
        }
      }
    },
    "Task": {
      "type": "object",
      "required": [
        "eMoneyId",
        "eMoneyTaskId",
        "subject",
        "dueDate",
        "assignedTo"
      ],
      "properties": {
        "eMoneyId": {
          "type": "string"
        },
        "eMoneyTaskId": {
          "type": "string"
        },
        "subject": {
          "type": "string"
        },
        "message": {
          "type": "string"
        },
        "assignedTo": {
          "type": "string"
        },
        "completed": {
          "type": "string"
        },
        "isVisibleToClient": {
          "type": "boolean"
        },
        "isAssignedToClient": {
          "type": "boolean"
        },
        "dueDate": {
          "type": "string"
        },
        "reminderDate": {
          "type": "string"
        }
      }
    }
  }
}