{
  "swagger" : "2.0",
  "info" : {
    "description" : "API for creating, updating and deleting alert from eMoney to Salesforce",
    "version" : "1.0.0",
    "title" : "IS alert service from eMoney",
    "contact" : {
      "name" : "API Team",
      "url" : "http://liquidhub.com",
      "email" : "apiteam@liquidhub.com.com"
    },
    "license" : {
      "name" : "Apache 2.0",
      "url" : "http://www.apache.org/licenses/LICENSE-2.0.html"
    }
  },
  "host" : "api.qa.emx.lhdip.com:8090",
  "basePath" : "/v1/emx/alerts",
  "schemes" : [ "http" ],
  "consumes" : [ "application/json" ],
  "produces" : [ "application/json" ],
  "paths" : {  
    "/" : {
      "post" : {
        "tags" : [ "Create alert" ],
        "summary" : "Create a EMXAlert Resource",
        "operationId" : "createAlert",
        "produces" : [ "application/json" ],
        "parameters" : [
         {
            "in": "body",
            "name": "body",
            "required": false,
            "schema": {
              "$ref": "#/definitions/EMoneyAlertsAnalyticsEvent"
            }
          }
        ],
        "responses" : {
          "201" : {
            "description" : "Status SUCCESS 201",
            "schema" : {
              "type" : "string",
              "example" : "SUCCESS"
            },
            "examples" : {
              "application/json" : "SUCCESS"
            }
          },
          "500" : {
            "description" : "Status Internal Server Error 500",
            "schema" : {
              "$ref" : "#/definitions/RestErrorInfo"
            }
          },
          "400" : {
            "description" : "Status Bad Request 400",
            "schema" : {
              "$ref" : "#/definitions/RestErrorInfo"
             }
            },
          "401" : {
            "description" : "Status unauthorized 401",
            "schema" : {
              "$ref" : "#/definitions/RestErrorInfo"
            }
          }
        }
      },
      "put" : {
        "tags" : [ "Update alert" ],
        "summary" : "Update Alert",
        "operationId" : "updateAlert",
        "produces" : [ "application/json" ],
        "parameters" : [
         {
            "in": "body",
            "name": "body",
            "required": false,
            "schema": {
              "$ref": "#/definitions/EMoneyAlertsAnalyticsEvent"
            }
          }
        ],
        "responses" : {
          "200" : {
            "description" : "Status SUCCESS 200",
            "schema" : {
              "type" : "string",
              "example" : "SUCCESS"
            },
            "examples" : {
              "application/json" : "SUCCESS"
            }
          },
          "500" : {
            "description" : "Status Internal Server Error 500",
            "schema" : {
              "$ref" : "#/definitions/RestErrorInfo"
            }
          },
          "400" : {
            "description" : "Status Bad Request 400",
            "schema" : {
              "$ref" : "#/definitions/RestErrorInfo"
            }
          },
          "401" : {
            "description" : "Status Unathorized 401",
            "schema" : {
              "$ref" : "#/definitions/RestErrorInfo"
            }
          },
          "404" : {
            "description" : "Status Not Found 404",
            "schema" : {
              "$ref" : "#/definitions/RestErrorInfo"
            }
          }
        }
      }      
    },
    "/{alertId}" : {
      "delete" : {
        "tags" : [ "Delete alert" ],
        "summary" : "delete Alert",
        "operationId" : "deleteAlert",
        "produces" : [ "application/json" ],
        "parameters" : 
        [ 
          {
          	"name" : "alertId",
          	"in" : "path",
          	"required" : true,
          	"type" : "string"
	      }, 
          {
          	"name" : "trackingId",
          	"in" : "path",
          	"required" : true,
          	"type" : "string"
	      }, 
	      {
	          "name" : "offfice",
	          "in" : "path",
	          "required" : true,
	          "type": "string"
	      } 
	    ],
        "responses" : {
          "200" : {
            "description" : "Status SUCESS 200",
            "schema" : {
              "type" : "string",
              "example" : "SUCCESS"
            },
            "examples" : {
              "application/json" : "SUCCESS"
            }
          },
          "401" : {
            "description" : "Status Unautorized 401",
            "schema" : {
              "$ref" : "#/definitions/RestErrorInfo"
            }
          },
          "404" : {
            "description" : "Status Not Found 404",
            "schema" : {
              "$ref" : "#/definitions/RestErrorInfo"
            }
          },
          "500" : {
            "description" : "Status Internal Server Error 500",
            "schema" : {
              "$ref" : "#/definitions/RestErrorInfo"
            }
          }
        }
      }      
    }   
  },    
  "definitions" : {
    "RestErrorInfo" : {
      "type" : "object",
      "properties" : {
      	"code" : {
          "type" : "string"
        },
        "message" : {
          "type" : "string"
        }
      }
    },
  "EMoneyAlertsAnalyticsEvent" : {
      "type" : "object",
      "properties" : {
      	"trackingID" : {
          "type" : "string"
        },
        "sourceSystem" : {
          "type" : "string"
        },
        "clients" : {
          "type" : "array",
          "items" : {
            "$ref" : "#/definitions/EMoneyAlertwithMetadata"
          }
        }
      }
    },    
   "EMoneyAlertwithMetadata" : {
      "type" : "object",
      "properties" : {
      	"metadata" : {
          "$ref" : "#/definitions/EMoneyAlertsMetadata"
        },
        "alert" : {
          "type" : "array",
          "items" : {
            "$ref" : "#/definitions/EMoneyAlert"
          }
        }
      }
    },
    "EMoneyAlertsMetadata" : {
      "type" : "object",
      "properties" : {        
        "office" : {
          "type" : "string"
        }
      }
    },
    "EMoneyAlert" : {
      "type" : "object",
      "properties" : {        
        "id" : {
          "type" : "string"
        },
        "alertId" : {
          "type" : "string"
        },
        "timeStamp" : {
          "type" : "string"
        },
        "subject" : {
          "type" : "string"
        },
        "description" : {
          "type" : "string"
        },
        "displayName" : {
          "type" : "string"
        },
        "dismissed" : {
          "type" : "boolean"
        }
      }
    }
  } 
}

        
  
