{
  "swagger": "2.0",
  "info": {
    "description": "API for creating and update mapping Metadata SF files ",
    "version": "1.0.0",
    "title": "Consume updates to mapping Metadata SF files",
    "contact": {
      "name": "API Team",
      "url": "http://liquidhub.com",
      "email": "apiteam@liquidhub.com.com"
    },
    "license": {
      "name": "Apache 2.0",
      "url": "http://www.apache.org/licenses/LICENSE-2.0.html"
    }
  },
  "host": "api.qa.emx.lhdip.com:8090",
  "basePath": "/util/mapping",
  "schemes": [
    "http"
  ],
  "consumes": [
    "application/json"
  ],
  "produces": [
    "application/json"
  ],
  "paths": {
    "/": {
      "post": {
        "tags": [
          "Create or Update Metadata"
        ],
        "summary": "Create or Update Metadata",
        "produces": [
          "application/json"
        ],
        "parameters": [
          {
            "in": "body",
            "name": "body",
            "required": true,
            "schema": {
              "$ref": "#/definitions/RequestResponseData"
            }
          }
        ],
        "responses": {
          "200": {
            "description": "Status SUCCESS 200",
            "schema": {
              "$ref": "#/definitions/ResponseCodeMessage"
            }
          },
          "400": {
            "description": "Status Bad Request 400",
            "schema": {
              "$ref": "#/definitions/ResponseCodeMessage"
            }
          },
          "401": {
            "description": "Status unauthorized 401",
            "schema": {
              "$ref": "#/definitions/ResponseCodeMessage"
            }
          },
          "500": {
            "description": "Status Internal Server Error 500",
            "schema": {
              "$ref": "#/definitions/ResponseCodeMessage"
            }
          }
        }
      },
      "get": {
        "tags": [
          "Get all available Metadata"
        ],
        "summary": "Get all available Metadata",
        "produces": [
          "application/json"
        ],
        "responses": {
          "200": {
            "description": "Status SUCCESS 200",
            "schema": {
              "$ref": "#/definitions/RequestResponseData"
            }
          },
          "400": {
            "description": "Status Bad Request 400",
            "schema": {
              "$ref": "#/definitions/ResponseCodeMessage"
            }
          },
          "401": {
            "description": "Status unauthorized 401",
            "schema": {
              "$ref": "#/definitions/ResponseCodeMessage"
            }
          },
          "500": {
            "description": "Status Internal Server Error 500",
            "schema": {
              "$ref": "#/definitions/ResponseCodeMessage"
            }
          }
        }
      }
    }
  },
  "definitions": {
    "ResponseCodeMessage": {
      "type": "object",
      "properties": {
        "code": {
          "type": "string"
        },
        "message": {
          "type": "string"
        }
      }
    },
    "RequestResponseData": {
      "type": "object",
      "properties": {
        "mappings": {
          "type": "array",
          "items": {
            "properties": {
              "org_object": {
                "$ref": "#/definitions/org_object"
              },
              "entity": {
                "type": "array",
                "items": {
                  "type": "object",
                  "properties": {
                    "sf_name": {
                      "type": "string"
                    },
                    "sf_type": {
                      "type": "string"
                    },
                    "emx_name": {
                      "type": "string"
                    },
                    "emx_type": {
                      "type": "string"
                    }
                  },
                  "example": [
                    {
                      "sf_name": "eMoney_Id__c",
                      "sf_type": "string",
                      "emx_name": "id",
                      "emx_type": "string"
                    },
                    {
                      "sf_name": "Timestamp__c",
                      "sf_type": "datetime",
                      "emx_name": "timeStamp",
                      "emx_type": "datetime"
                    }
                  ]
                }
              }
            }
          }
        }
      }
    },
    "org_object": {
      "type": "object",
      "properties": {
        "org": {
          "type": "string"
        },
        "sf_entity": {
          "type": "string"
        },
        "emx_entity": {
          "type": "string"
        },
        "sf_record_type": {
          "type": "string"
        },
        "active": {
          "type": "integer"
        }
      },
      "example": {
        "org": "00D6A000002FuY3UAK",
        "sf_entity": "task",
        "emx_entity": "task",
        "sf_record_type": "Emoney None",
        "active": 1
      }
    },
    "entity": {
      "type": "object",
      "properties": {
        "sf_name": {
          "type": "string"
        },
        "sf_type": {
          "type": "string"
        },
        "emx_name": {
          "type": "string"
        },
        "emx_type": {
          "type": "string"
        }
      }
    }
  }
}