{
  "swagger": "2.0",
  "info": {
    "description": "API for creating and update Emoney Office and Saleforce Organization ",
    "version": "1.0.0",
    "title": "Emoney Office and Saleforce Organization on boarding process API",
    "contact": {
      "name": "API Team",
      "url": "http://liquidhub.com",
      "email": "apiteam@liquidhub.com.com"
    },
    "license": {
      "name": "Apache 2.0",
      "url": "http://www.apache.org/licenses/LICENSE-2.0.html"
    }
  },
  "host": "api.qa.emx.lhdip.com:8090",
  "basePath": "/util/onboarding",
  "schemes": [
    "http"
  ],
  "consumes": [
    "application/json"
  ],
  "produces": [
    "application/json"
  ],
  "paths": {
    "/": {
      "post": {
        "tags": [
          "Create or Update Office and ORG"
        ],
        "summary": "Create or Update Office and ORG",
        "produces": [
          "application/json"
        ],
        "parameters": [
          {
            "in": "body",
            "name": "body",
            "required": true,
            "schema": {
              "$ref": "#/definitions/RequestData"
            }
          }
        ],
        "responses": {
          "200": {
            "description": "Status SUCCESS 200",
            "schema": {
              "$ref": "#/definitions/ResponseCodeMessage"
            }
          },
          "400": {
            "description": "Status Bad Request 400",
            "schema": {
              "$ref": "#/definitions/ResponseCodeMessage"
            }
          },
          "401": {
            "description": "Status unauthorized 401",
            "schema": {
              "$ref": "#/definitions/ResponseCodeMessage"
            }
          },
          "500": {
            "description": "Status Internal Server Error 500",
            "schema": {
              "$ref": "#/definitions/ResponseCodeMessage"
            }
          }
        }
      },
      "get": {
        "tags": [
          "Get all available Office and ORG"
        ],
        "summary": "Get all available Office and ORG",
        "produces": [
          "application/json"
        ],
        "responses": {
          "200": {
            "description": "Status SUCCESS 200",
            "schema": {
              "$ref": "#/definitions/ResponseData"
            }
          },
          "400": {
            "description": "Status Bad Request 400",
            "schema": {
              "$ref": "#/definitions/ResponseCodeMessage"
            }
          },
          "401": {
            "description": "Status unauthorized 401",
            "schema": {
              "$ref": "#/definitions/ResponseCodeMessage"
            }
          },
          "500": {
            "description": "Status Internal Server Error 500",
            "schema": {
              "$ref": "#/definitions/ResponseCodeMessage"
            }
          }
        }
      }
    }
  },
  "definitions": {
    "ResponseCodeMessage": {
      "type": "object",
      "properties": {
        "code": {
          "type": "string"
        },
        "message": {
          "type": "string"
        }
      }
    },
    "ResponseData": {
      "type": "array",
      "items": {
        "$ref": "#/definitions/RequestData"
      }
    },
    "RequestData": {
      "type": "object",
      "properties": {
        "salesforce_org": {
          "$ref": "#/definitions/emoney_office"
        },
        "emoney_offices": {
          "type": "array",
          "items": {
            "properties": {
              "emoney_office": {
                "$ref": "#/definitions/emoney_office"
              }
            },
            "example": [
              {
                "name": "eMoney_Id__c",
                "params": {
                  "alg": "RS256",
                  "iss": "liquidhubclient",
                  "sub": "liquidhubclient",
                  "aud": "https://signin-api-beta.emoneyadvisor.com/connect/token",
                  "expiredTimeInMinutes": 60
                }
              },
              {
                "name": "eMoney_Id__a",
                "params": {
                  "alg": "RS256",
                  "iss": "liquidhubclient",
                  "sub": "liquidhubclient",
                  "aud": "https://signin-api-beta.emoneyadvisor.com/connect/token",
                  "expiredTimeInMinutes": 60
                }
              }
            ]
          }
        }
      }
    },
    "emoney_office": {
      "type": "object",
      "properties": {
        "name": {
          "type": "string"
        },
        "params": {
          "type": "object",
          "properties": {
            "alg": {
              "type": "string"
            },
            "iss": {
              "type": "string"
            },
            "sub": {
              "type": "string"
            },
            "aud": {
              "type": "string"
            },
            "expiredTimeInMinutes": {
              "type": "integer"
            },
            "url": {
              "type": "string"
            }
          }
        }
      }
    }
  }
}