{"swagger": "2.0",
  "info": {
    "description": "API for dismiss Alert from Salesforce to eMoney",
    "version": "1.0.0",
    "title": "IS alert service from Salesforce to eMoney",
    "contact": {
      "name": "API Team",
      "url": "http://liquidhub.com",
      "email": "apiteam@liquidhub.com.com"
    },
    "license": {
      "name": "Apache 2.0",
      "url": "http://www.apache.org/licenses/LICENSE-2.0.html"
    }
  },
  "host": "api.qa.emx.lhdip.com:8090",
  "basePath": "/v1/sf/alerts",
  "schemes": [
    "http",
    "https"
  ],
  "consumes": [
    "application/json"
  ],
  "paths": {
    "/{alertId}/dismiss": {
      "post": {
        "tags": [
          "Dismiss Alert"
        ],
        "summary": "dismiss Alert in eMoney",
        "operationId": "dismissAlert",
        "parameters": [
          {
            "name": "alertId",
            "in": "path",
            "required": true,
            "type": "string"
          },
          {
            "name": "trackingId",
            "in": "query",
            "required": true,
            "type": "string"
          },
          {
            "name": "orgId",
            "in": "query",
            "required": true,
            "type": "string"
          },
          {
            "name": "office",
            "in": "query",
            "required": true,
            "type": "string"
          }
        ],
        "responses": {
          "200": {
            "description": "Status SUCESS 200"
          },
          "400": {
            "description": "Status Bad Request 400",
            "schema": {
              "$ref": "#/definitions/RestErrorInfo"
            }
          },
          "500": {
            "description": "Status InternalServer Error 500",
            "schema": {
              "$ref": "#/definitions/RestErrorInfo"
            }
          }
        }
      }
    }
  },
  "definitions": {
    "RestErrorInfo": {
      "type": "object",
      "properties": {
        "code": {
          "type": "string"
        },
        "detail": {
          "type": "string"
        }
      }
    }
  }
}