{"swagger": "2.0",
  "info": {
    "description": "API for creating,updating and deleting note from Salesforce to eMoney",
    "version": "1.0.0",
    "title": "IS note service for Salesforce",
    "contact": {
      "name": "API Team",
      "url": "http://liquidhub.com",
      "email": "apiteam@liquidhub.com.com"
    },
    "license": {
      "name": "Apache 2.0",
      "url": "http://www.apache.org/licenses/LICENSE-2.0.html"
    }
  },
  "host": "api.qa.emx.lhdip.com:8090",
  "basePath": "/v1/sf/notes",
  "schemes": [
    "http",
    "https"
  ],
  "consumes": [
    "application/json"
  ],
  "produces": [
    "application/json"
  ],
  "paths": {
    "/": {
      "post": {
        "tags": [
          "Create notes"
        ],
        "summary": "create notes resource for Client",
        "operationId": "createNote",
        "produces": [
          "application/json"
        ],
        "parameters": [
          {
            "in": "body",
            "name": "body",
            "required": false,
            "schema": {
              "$ref": "#/definitions/SFNoteRequest"
            }
          }
        ],
        "responses": {
          "201": {
            "description": "Status CREATED 201",
            "schema": {
              "$ref": "#/definitions/SucessInfo"
            }
          },
          "400": {
            "description": "Status RestErrorInfo 400",
            "schema": {
              "$ref": "#/definitions/RestErrorInfo"
            }
          },
          "500": {
            "description": "Status RestErrorInfo 500",
            "schema": {
              "$ref": "#/definitions/RestErrorInfo"
            }
          }
        }
      },
      "put": {
        "tags": [
          "Update notes"
        ],
        "summary": "update notes resource for a client",
        "operationId": "updateNotes",
        "produces": [
          "application/json"
        ],
        "parameters": [
          {
            "in": "body",
            "name": "body",
            "required": false,
            "schema": {
              "$ref": "#/definitions/SFUpdateNoteRequest"
            }
          }
        ],
        "responses": {
          "200": {
            "description": "Status SUCCESS 200",
            "schema": {
              "$ref": "#/definitions/SucessInfo"
            }
          },
          "400": {
            "description": "Status RestErrorInfo 400",
            "schema": {
              "$ref": "#/definitions/RestErrorInfo"
            }
          },
          "500": {
            "description": "Status RestErrorInfo 500",
            "schema": {
              "$ref": "#/definitions/RestErrorInfo"
            }
          }
        }
      }
    },
    "/clients/{eMoneyId}/notes/{eMoneyNoteId}": {
      "delete": {
        "tags": [
          "Delete note"
        ],
        "summary": "delete Notes resource",
        "operationId": "deleteNote",
        "produces": [
          "application/json"
        ],
        "parameters": [
          {
            "name": "eMoneyId",
            "in": "path",
            "required": true,
            "type": "string"
          },
          {
            "name": "eMoneyNoteId",
            "in": "path",
            "required": true,
            "type": "string"
          },
          {
            "name": "trackingId",
            "in": "query",
            "required": true,
            "type": "string"
          },
          {
            "name": "orgId",
            "in": "query",
            "required": true,
            "type": "string"
          },
          {
            "name": "office",
            "in": "query",
            "required": true,
            "type": "string"
          }
        ],
        "responses": {
          "200": {
            "description": "Status SUCESS 200",
            "schema": {
              "$ref": "#/definitions/SucessInfo"
            }
          },
          "400": {
            "description": "Status RestErrorInfo 400",
            "schema": {
              "$ref": "#/definitions/RestErrorInfo"
            }
          },
          "500": {
            "description": "Status RestErrorInfo 500",
            "schema": {
              "$ref": "#/definitions/RestErrorInfo"
            }
          }
        }
      }
    }
  },
  "definitions": {
    "SucessInfo": {
      "type": "object",
      "properties": {
        "code": {
          "type": "string"
        },
        "message": {
          "type": "string"
        }
      }
    },
    "RestErrorInfo": {
      "type": "object",
      "properties": {
        "code": {
          "type": "string"
        },
        "detail": {
          "type": "string"
        }
      }
    },
    "SFNoteRequest": {
      "type": "string",
      "properties": {
        "trackingID": {
          "type": "string"
        },
        "sourceSystem": {
          "type": "string"
        },
        "notes": {
          "type": "array",
          "items": {
            "$ref": "#/definitions/SFNotes"
          }
        }
      }
    },
    "SFNotes": {
      "type": "object",
      "required": [
        "metadata",
        "note"
      ],
      "properties": {
        "metadata": {
          "$ref": "#/definitions/Metadata"
        },
        "note": {
          "$ref": "#/definitions/Note"
        }
      }
    },
    "Metadata": {
      "type": "object",
      "properties": {
        "orgId": {
          "type": "string"
        },
        "office": {
          "type": "string"
        }
      }
    },
    "Note": {
      "type": "object",
      "required": [
        "eMoneyId",
        "noteId",
        "text"
      ],
      "properties": {
        "eMoneyId": {
          "type": "string"
        },
        "noteId": {
          "type": "string"
        },
        "text": {
          "type": "string"
        }
      }
    },
    "SFUpdateNoteRequest": {
      "type": "string",
      "properties": {
        "trackingID": {
          "type": "string"
        },
        "sourceSystem": {
          "type": "string"
        },
        "notes": {
          "type": "array",
          "items": {
            "$ref": "#/definitions/SFUpdateNotes"
          }
        }
      }
    },
    "SFUpdateNotes": {
      "type": "object",
      "required": [
        "metadata",
        "note"
      ],
      "properties": {
        "metadata": {
          "$ref": "#/definitions/Metadata"
        },
        "note": {
          "$ref": "#/definitions/UpdateNote"
        }
      }
    },
    "UpdateNote": {
      "type": "object",
      "required": [
        "eMoneyId",
        "eMoneyNoteId",
        "noteId",
        "text"
      ],
      "properties": {
        "eMoneyId": {
          "type": "string"
        },
        "eMoneyNoteId": {
          "type": "string"
        },
        "noteId": {
          "type": "string"
        },
        "text": {
          "type": "string"
        }
      }
    }
  }
}