{"swagger": "2.0",
  "info": {
    "description": "API for creating,updating and deleting task from Salesforce to eMoney",
    "version": "1.0.0",
    "title": "IS task service for Salesforce to eMoney",
    "contact": {
      "name": "API Team",
      "url": "http://liquidhub.com",
      "email": "apiteam@liquidhub.com.com"
    },
    "license": {
      "name": "Apache 2.0",
      "url": "http://www.apache.org/licenses/LICENSE-2.0.html"
    }
  },
  "host": "api.qa.emx.lhdip.com:8090",
  "basePath": "/v1/sf/tasks",
  "schemes": [
    "http",
    "https"
  ],
  "consumes": [
    "application/json"
  ],
  "produces": [
    "application/json"
  ],
  "paths": {
    "/": {
      "post": {
        "tags": [
          "Create task"
        ],
        "summary": "create task resource",
        "operationId": "createTask",
        "produces": [
          "application/json"
        ],
        "parameters": [
          {
            "in": "body",
            "name": "body",
            "required": false,
            "schema": {
              "$ref": "#/definitions/SFTaskRequest"
            }
          }
        ],
        "responses": {
          "201": {
            "description": "Status CREATED 201",
            "schema": {
              "$ref": "#/definitions/SucessInfo"
            }
          },
          "400": {
            "description": "Status RestErrorInfo 400",
            "schema": {
              "$ref": "#/definitions/RestErrorInfo"
            }
          },
          "500": {
            "description": "Status RestErrorInfo 500",
            "schema": {
              "$ref": "#/definitions/RestErrorInfo"
            }
          }
        }
      },
      "put": {
        "tags": [
          "Update task"
        ],
        "summary": "Update Task Resource",
        "operationId": "updateTask",
        "produces": [
          "application/json"
        ],
        "parameters": [
          {
            "in": "body",
            "name": "body",
            "required": false,
            "schema": {
              "$ref": "#/definitions/SFTaskRequest"
            }
          }
        ],
        "responses": {
          "200": {
            "description": "Status ACCEPTED 200",
            "schema": {
              "$ref": "#/definitions/SucessInfo"
            }
          },
          "400": {
            "description": "Status RestErrorInfo 400",
            "schema": {
              "$ref": "#/definitions/RestErrorInfo"
            }
          },
          "500": {
            "description": "Status RestErrorInfo 500",
            "schema": {
              "$ref": "#/definitions/RestErrorInfo"
            }
          }
        }
      }
    },
    "/{eMoneyTaskId}": {
      "delete": {
        "tags": [
          "Delete task"
        ],
        "summary": "delete Tasks resource",
        "operationId": "deleteTasks",
        "produces": [
          "application/json"
        ],
        "parameters": [
          {
            "name": "eMoneyTaskId",
            "in": "path",
            "required": true,
            "type": "string"
          },
          {
            "name": "trackingId",
            "in": "query",
            "required": true,
            "type": "string"
          },
          {
            "name": "orgId",
            "in": "query",
            "required": true,
            "type": "string"
          },
          {
            "name": "offfice",
            "in": "query",
            "required": true,
            "type": "string"
          }
        ],
        "responses": {
          "204": {
            "description": "Status SUCESS 204"
          },
          "400": {
            "description": "Status RestErrorInfo 400",
            "schema": {
              "$ref": "#/definitions/RestErrorInfo"
            }
          },
          "500": {
            "description": "Status RestErrorInfo 500",
            "schema": {
              "$ref": "#/definitions/RestErrorInfo"
            }
          }
        }
      }
    }
  },
  "definitions": {
    "SucessInfo": {
      "type": "object",
      "properties": {
        "code": {
          "type": "string"
        },
        "message": {
          "type": "string"
        }
      }
    },
    "RestErrorInfo": {
      "type": "object",
      "properties": {
        "code": {
          "type": "string"
        },
        "detail": {
          "type": "string"
        }
      }
    },
    "SFTaskRequest": {
      "type": "string",
      "properties": {
        "trackingID": {
          "type": "string"
        },
        "sourceSystem": {
          "type": "string"
        },
        "tasks": {
          "type": "array",
          "items": {
            "$ref": "#/definitions/tasks"
          }
        }
      }
    },
    "tasks": {
      "type": "object",
      "required": [
        "metadata",
        "task"
      ],
      "properties": {
        "metadata": {
          "$ref": "#/definitions/metadata"
        },
        "task": {
          "$ref": "#/definitions/task"
        }
      }
    },
    "metadata": {
      "type": "object",
      "required": [
        "orgId",
        "office"
      ],
      "properties": {
        "orgId": {
          "type": "string"
        },
        "office": {
          "type": "string"
        }
      }
    },
    "task": {
      "type": "object",
      "required": [
        "dueDate",
        "taskId",
        "eMoneyTaskId",
        "subject",
        "assignedTo",
        "eMoneyId"
      ],
      "properties": {
        "taskId": {
          "type": "string"
        },
        "assignedTo": {
          "type": "string"
        },
        "completed": {
          "type": "string"
        },
        "dueDate": {
          "type": "string"
        },
        "eMoneyId": {
          "type": "string"
        },
        "eMoneyTaskId": {
          "type": "string"
        },
        "isAssignedToClient": {
          "type": "boolean"
        },
        "isVisibleToClient": {
          "type": "boolean"
        },
        "message": {
          "type": "string"
        },
        "reminderDate": {
          "type": "string"
        },
        "subject": {
          "type": "string"
        }
      }
    }
  }
}