<validatorConfiguration id="emx-update-task"> 
 <templates>
	  <template name="RootTemplate">	
	  	<properties>
	  		<property name="trackingID">
				<notEmpty message="trackingID cannot be blank"/>
			</property>
	  		<property name="sourceSystem">
				<notEmpty message="sourceSystem cannot be blank"/>
			</property>
			<property name="clients" template="ClientInforTemplate" isList="true"/>
		</properties>	
	  </template>
	 
	   <template name="ClientInforTemplate">	
	   	<properties>
	  		<property name="messageID">
				<notEmpty message="messageID cannot be blank"/>
			</property>
	  		<property name="id">
				<notEmpty message="id cannot be blank"/>
			</property>
	  		<property name="eMoneyId">
				<notEmpty message="eMoneyId cannot be blank"/>
			</property>			
		</properties>
	   </template>
  </templates>	 
</validatorConfiguration>