<!--  id : 	a unique id to all configuration file
			best way to name id attribute is using the same name
			as file's name without the file extension
			 -->
<validatorConfiguration id="emx-create-update-task">
	<vars>
		<var name="TrueFalsePattern" value="^([Tt][Rr][Uu][Ee]|[Ff][Aa][Ll][Ss][Ee])$"/>
		<var name="NotBeBlank" value=" cannot be blank"/>
		<var name="trueorfalse" value="'s value must be true or false" />
		<var name="emailValidation" value="^[_A-Za-z0-9-\+]+(\.[_A-Za-z0-9-]+)*@([A-Za-z0-9-]{2,})(\.[A-Za-z]{2,})$" />
		<var name="invalidEmail" value="'s value has invalid email" />
	</vars>

	<templates>
		<template name="RootTemplate">
			<properties>
				<property name="trackingID" required_="true" notEmpty_="true"/>
				<property name="sourceSystem" notEmpty_="true"/>
                <property name="tasks" required_="true"/>
				<property name="tasks" template="TaskTemplate" isList="true"/>
			</properties>
		</template>
		<template name="TaskTemplate">
			<properties>
                <property name="metadata" required_="true"/>
				<property name="metadata" template="MetadataTemplate"/>
               	<property name="task" required_="true"/>
 				<property name="task" template="TaskDetailTemplate"/>
			</properties>
		</template>
		<template name="MetadataTemplate">
			<properties>
				<property name="office" required_="true" notEmpty_="true"/>
			</properties>
		</template>

		<template name="TaskDetailTemplate">
			<properties>
				<property name="eMoneyId" required_="true" notEmpty_="true"/>
				<property name="subject"  required_="true" notEmpty_="true">
					<size max="100" message="subject cannot be more than 100 characters"/>
				</property>
				<property name="assignedTo" required_="true" notEmpty_="true"/>
				<property name="eMoneyTaskId" required_="true" notEmpty_="true"/>
				<property name="isVisibleToClient" >
					<matchPattern value="${TrueFalsePattern}" message="${trueorfalse}"/>
				</property>
				<property name="isAssignedToClient">
					<matchPattern value="${TrueFalsePattern}" message="${trueorfalse}"/>
				</property>
				<property name="dueDate" required_="true" notEmpty_="true">
					<isDate pattern="yyyy-MM-dd'T'HH:mm:ss" min="1700-01-01T00:00:00" max="9999-01-01T00:00:00" message="dueDate must be valid and must be after 1700-01-01T00:00:00 and before 9999-01-01T00:00:00"/>
				</property>

				<property name="reminderDate">
					<isDate pattern="yyyy-MM-dd'T'HH:mm:ss" min="1700-01-01T00:00:00" max="9999-01-01T00:00:00" message="reminderDate must be valid and must be after 1700-01-01 and before 9999-01-01"/>
				</property>

				<property name="completed">
					<matchPattern value="${TrueFalsePattern}" message="${trueorfalse}"/>
				</property>
				<property name="email"  notEmpty_="true">
					<matchPattern value="${emailValidation}" message="${invalidEmail}" />
				</property>
				
			</properties>
		</template>

	</templates>
</validatorConfiguration>