<validatorConfiguration id="emx-delete-task"> 
<!--
	Below are supported validation.
	
	notEmpty   		Validates that the json property value is not null or empty.
	matchPattern	Validate that the json property value having valid regex pattern
	size 			Validates that the json property value has a size between the attributes min and max
					can be applied to String
	min 			Validates that the json property value has a value no smaller than the value attribute
					can be applied to integer only
	max 			Validates that the json property value has a value no larger than the value attribute
					can be applied to integer only
					
	<property name="id">
		<notEmpty message="Id cannot be blank"/>
		<matchPattern value="" message=""/>
		<min value="3" message=""/> 			
		<max value="5" message=""/> 			
		<size min="4" max="30" message="First Name must have at least 4 chars and maximum of 30"/> 	
		<isDate pattern="MM/dd/yyyy" min="(@todate,-3,M)" max="" message="First Name must have at least 4 chars and maximum of 30"/> 	
	</property>
	-->
  <vars>
  	<var name="NotBeBlank" value=" cannot be blank"/>
  </vars>	
  <templates>
	  <template name="RootTemplate">	
	  	<properties>
	  		<property name="taskId">
				<notEmpty message="taskId ${NotBeBlank}"/>
			</property>
	  		<property name="trackingId">
				<notEmpty message="sourceSystem ${NotBeBlank}"/>
			</property>
	  		<property name="office">
				<notEmpty message="office ${NotBeBlank}"/>
			</property>
		</properties>	
	  </template>
	   
  </templates>	 
</validatorConfiguration>