<validatorConfiguration id="emx-alerts-upcert"> 
    <vars>
        <var name="TrueFalse" value="true|false" />
		<var name="FemaleMaleValue" value="MALE|FEMALE" />
		<var name="emailValidation" value="^[_A-Za-z0-9-\+]+(\.[_A-Za-z0-9-]+)*@([A-Za-z0-9-]{2,})(\.[A-Za-z]{2,})$" />
		<var name="stateCodes" value="AL|AK|AS|AZ|AR|CA|CO|CT|DE|DC|FL|GA|GU|HI|ID|IL|IN|IA|KS|KY|LA|ME|MD|MA|MI|MN|MS|MO|MP|MT|NE|NV|NH|NJ|NM|NY|NC|ND|OH|OK|OR|PA|PR|RI|SC|SD|TN|TX|UT|VI|VT|VA|WA|WV|WI|WY" />
		<var name="citizenStatus" value="USCitizen, ResidentAlien, NonResidentAlien" />
		<var name="maritalStatus" value="Single, Married, Separated, Divorced, DomesticPartnership, Widow, Widower" />	
		<var name="zipcode" value="(^\d{5}|^\d{5}-\d{4})$" />
		<var name="validDateFormat" value="^([0-9]{4,4})-([0-9]{2,2})-([0-9]{2,2})$" />
		<var name="timstampvalidation" value="^([0-9]{4,4})-([0-9]{2,2})-([0-9]{2,2})T([0-9]{2,2}):([0-9]{2,2}):([0-9]{2,2})$" />
        <!-- Messages -->
		<var name="NotBeBlank" value=" cannot be blank" />
		<var name="invalidStateCodes" value=" has invalid state codes" />
		<var name="invalidZipcode" value=" has invalid zipcode" />
		<var name="trueorfalse" value="'s value must be true or false" />
		<var name="invalidEmail" value="'s value has invalid email" />
		<var name="invalidGender" value="'s value has invalid gender" />
		<var name="citizenStatusMessage" value="'s has a invalid status [USCitizen, ResidentAlien, NonResidentAlien]" />
		<var name="maritalStatusMessage" value="'s has a invalid status [Single, Married, Separated, Divorced, DomesticPartnership, Widow, Widower]" />
		<var name="invalidTimestamp" value="Invalid datetime format. Must be in format yyyy-MM-ddTHH:mm:ss between 1700-01-01T00:00:00 and 9999-01-01T00:00:00" />
		
	</vars>
	
	<templates>
		<template name="RootTemplate">	
			<properties>
				<property name="trackingID" required_="true" notEmpty_="true"/>					
				<property name="sourceSystem" required_="true" notEmpty_="true"/>
				<property name="alerts" template="EMoneyAlertsTemplate" isList="true"/>
			</properties>	
		</template>
		 
		<template name="EMoneyAlertsTemplate">	
			<properties>
				<property name="metadata" template="EMoneyAlertsMetadataTemplate"/>
				<property name="alert" template="EMoneyAlertTemplate" isList="true"/>	
			</properties>
		</template>
		
		<template name="EMoneyAlertsMetadataTemplate">	
			<properties>
				<property name="office" required_="true" notEmpty_="true"/>
			</properties>
		</template>
		
		<template name="EMoneyAlertTemplate">	
			<properties>
				<property name="clientId" required_="true" notEmpty_="true"/>					
				<property name="eMoneyId" required_="true" notEmpty_="true"/>
				
				<property name="timeStamp" >
				<!-- TODO convert this field from String to date <isDate pattern="yyyy-MM-dd"/> -->
					<matchPattern value="${timstampvalidation}" message="${invalidTimestamp}" />					
					<isDate pattern="yyyy-MM-dd'T'HH:mm:ss" min="1700-01-01T00:00:00" max="9999-01-01T00:00:00"
					message=" ${invalidTimestamp}"/>					
				</property>
				<property name="subject"/>	
				<property name="description"/>	
				<property name="displayName"/>
				<property name="dismissed">	
					<isContain value="${TrueFalse}" message="${trueorfalse}" caseSensitive="false" />			
				</property>		
			</properties>
		</template>
	   
	</templates>	 
</validatorConfiguration>

<!--
	Below are supported validation.
	
	notEmpty   		Validates that the json property value is not null or empty.
	matchPattern	Validate that the json property value having valid regex pattern
	size 			Validates that the json property value has a size between the attributes min and max
					can be applied to String
	min 			Validates that the json property value has a value no smaller than the value attribute
					can be applied to integer only
	max 			Validates that the json property value has a value no larger than the value attribute
					can be applied to integer only
					
	<property name="id">
		<notEmpty message="Id cannot be blank"/>
		<matchPattern value="" message=""/>
		<min value="3" message=""/> 			
		<max value="5" message=""/> 			
		<size min="4" max="30" message="First Name must have at least 4 chars and maximum of 30"/> 	
		<isDate pattern="MM/dd/yyyy" min="(@todate,-3,M)" max="" message="First Name must have at least 4 chars and maximum of 30"/> 	
	</property>
	-->