<!--  id : 	a unique id to all configuration file
			best way to name id attribute is using the same name
			as file's name without the file extension
			 -->
<validatorConfiguration id="emx-create-notes">
    <vars>
        <var name="TrueFalsePattern" value="^([Tt][Rr][Uu][Ee]|[Ff][Aa][Ll][Ss][Ee])$"/>
        <var name="NotBeBlank" value=" cannot be blank"/>
    </vars>

    <templates>
        <template name="RootTemplate">
            <properties>
                <property name="trackingID" required_="true" notEmpty_="true"/>
				<property name="sourceSystem" required_="true" notEmpty_="true"/>
                <property name="notes" required_="true"/>
                <property name="notes" template="NotesTemplate" isList="true"/>
            </properties>
        </template>
        <template name="NotesTemplate">
            <properties>
                <property name="metadata" required_="true" notEmpty_="true"/>
                <property name="metadata" template="MetadataTemplate"/>
                <property name="note" required_="true" notEmpty_="true"/>
                <property name="note" template="NoteDetailTemplate"/>
            </properties>
        </template>
        <template name="MetadataTemplate">
            <properties>
                <property name="office" notEmpty_="true" required_="true"/>
            </properties>
        </template>
        <template name="NoteDetailTemplate">
            <properties>
                <property name="eMoneyId" notEmpty_="true" required_="true"/>
                <property name="eMoneyNoteId" notEmpty_="true" required_="true"/>
                <property name="text" notEmpty_="true" required_="true"/>
            </properties>
        </template>
    </templates>
</validatorConfiguration>