<validatorConfiguration id="emx-create-update-client">
	<vars>
		<var name="TrueFalse" value="true|false" />
		<var name="FemaleMaleValue" value="MALE|FEMALE" />		
		<var name="emailValidation" value="^([_A-Za-z0-9-\+\.]{2,})@([A-Za-z0-9-]{2,})(\.[A-Za-z]{2,})$" />
		<var name="stateCodes" value="AL|AK|AS|AZ|AR|CA|CO|CT|DE|DC|FL|GA|GU|HI|ID|IL|IN|IA|KS|KY|LA|ME|MD|MA|MI|MN|MS|MO|MP|MT|NE|NV|NH|NJ|NM|NY|NC|ND|OH|OK|OR|PA|PR|RI|SC|SD|TN|TX|UT|VI|VT|VA|WA|WV|WI|WY" />
		<var name="citizenStatus" value="USCitizen|ResidentAlien|NonResidentAlien" />
		<var name="maritalStatus" value="Single, Married, Separated, Divorced, DomesticPartnership, Widow, Widower" />	
		<var name="zipcode" value="(^\d{5}|^\d{5}-\d{4})$" />
		<var name="validDateFormat" value="^([0-9]{4,4})-([0-9]{2,2})-([0-9]{2,2})$" />
		<!-- Messages -->
		<var name="NotBeBlank" value=" cannot be blank" />
		<var name="invalidStateCodes" value=" has invalid state codes" />
		<var name="invalidZipcode" value=" has invalid zipcode" />
		<var name="trueorfalse" value="'s value must be true or false" />
		<var name="invalidEmail" value="'s value has invalid email" />
		<var name="invalidGender" value="'s value has invalid gender" />		
		<var name="citizenStatusMessage" value="'s has a invalid status [USCitizen, ResidentAlien, NonResidentAlien]" />
		<var name="maritalStatusMessage" value="'s has a invalid status [Single, Married, Separated, Divorced, DomesticPartnership, Widow, Widower]" />
		<var name="invalidMinNumber" value="must be Numeric and cannot be less than 0" />
		<var name="invalidMaxNumber" value="must be Numeric and cannot be greater than 100" />
		<var name="invalidDOB" value="must be valid and must be more than 1901-01-01 and less than today's date" />
	</vars>

	<templates>
		<template name="RootTemplate">
			<properties>
				<property name="trackingID" required_="true" notEmpty_="true"/>
				<property name="sourceSystem" required_="true" notEmpty_="true"/>
				<property name="clients" required_="true" notEmpty_="true"/>
				<property name="clients" template="clientsList" isList="true" />
			</properties>
		</template>

		<template name="clientsList">
			<properties>
				<property name="metadata" required_="true" notEmpty_="true"/>
				<property name="metadata" template="MetadataTemplate"/>
				<property name="messageID" required_="true" />
				<property name="eMoneyId" required_="true" notEmpty_="true"/>
				<property name="ownerId" required_="true" notEmpty_="true"/>
				<property name="state" >
					<isContain value="${stateCodes}" message="${invalidStateCodes}" caseSensitive="false" />
				</property>
				<property name="postalCode">
					<matchPattern value="${zipcode}" message="${invalidZipcode}" />
				</property>
				<property name="maritalStatus"  >
					<isContain value="${maritalStatus}" message="${maritalStatusMessage}" caseSensitive="false" />
				</property>
								
				<property name="client" template="client" />
				<property name="spouse" template="spouse" />

			</properties>
		</template>
		
		<template name="MetadataTemplate">
            <properties>
                <property name="office"  required_="true" notEmpty_="true">
                	<isValid component="CommonValidation" method="isValidOffice" message=" Invalid office Id"/>
                </property>
            </properties>
        </template>

		<template name="client">
			<properties>
				<property name="firstName" required_="true" notEmpty_="true"/>
				<property name="lastName" required_="true" notEmpty_="true"/>
				<property name="businessEmail">
					<matchPattern value="${emailValidation}" message="${invalidEmail}" />
				</property>

				<property name="gender" >
					<isContain value="${FemaleMaleValue}" message="${invalidGender}" caseSensitive="false" />
				</property>
				<property name="citizenship" >
					<isContain value="${citizenStatus}" message="${citizenStatusMessage}" caseSensitive="false"  />					
				</property>
				<property name="job.state" >
					<isContain value="${stateCodes}" message="${invalidStateCodes}" caseSensitive="false" />
				</property>
				<property name="job.postalcode">
					<matchPattern value="${zipcode}" message="${invalidZipcode}" />
				</property>

				<property name="dateOfBirth" >
				<!-- TODO convert this field from String to date <isDate pattern="yyyy-MM-dd"/> -->
				    <matchPattern value="${validDateFormat}" message="for client value ${invalidDOB}" />
					<isDate pattern="yyyy-MM-dd" min="1901-01-01" max="(@todate,0,D)" 
					message="for client value ${invalidDOB}"/>							
				</property>
				<property name="email">
					<matchPattern value="${emailValidation}" message="${invalidEmail}" />
				</property>

				<property name="inGoodHealth">
					<isContain value="${TrueFalse}" message="${trueorfalse}" caseSensitive="false" />
				</property>

				<property name="specialNeeds" >
					<isContain value="${TrueFalse}" message="${trueorfalse}" caseSensitive="false" />
				</property>

				<property name="previousMarriages">
					<isContain value="${TrueFalse}" message="${trueorfalse}" caseSensitive="false" />
				</property>
				
				<property name="previousEmployerName" />				
				<property name="previousJobTitle" />
				<property name="jobTitle" />
				
				<property name="previousYearsEmployed" >
					<min value="0" message="for Client's value ${invalidMinNumber}"/> 	
					<max value="100" message="for Client's value ${invalidMaxNumber}"/> 	
				</property>
                <property name ="yearsEmployed" >
					<min value="0" message="for Client's value ${invalidMinNumber}"/> 	
					<max value="100" message="for Client's value ${invalidMaxNumber}"/> 
                </property>
			</properties>
		</template>
		
		
		<template name="spouse">
			<properties>
				<property name="businessEmail">
					<matchPattern value="${emailValidation}" message="${invalidEmail}" />
				</property>

				<property name="gender"  >
					<isContain value="${FemaleMaleValue}" message="${invalidGender}" caseSensitive="false" />
				</property>
				<property name="citizenship" >
					<isContain value="${citizenStatus}" message="${citizenStatusMessage}" caseSensitive="false"  />					
				</property>
				<property name="job.state" >
					<isContain value="${stateCodes}" message="${invalidStateCodes}" caseSensitive="false" />
				</property>
				<property name="job.postalcode">
					<matchPattern value="${zipcode}" message="${invalidZipcode}" />
				</property>

				<property name="dateOfBirth" >
				<!-- TODO convert this field from String to date <isDate pattern="yyyy-MM-dd"/> -->
				 	<matchPattern value="${validDateFormat}" message="for Spouse value ${invalidDOB}" />
					<isDate pattern="yyyy-MM-dd" min="1901-01-01" max="(@todate,0,D)" 
					message="for Spouse value ${invalidDOB}"/>						
				</property>
				<property name="email">
					<matchPattern value="${emailValidation}" message="${invalidEmail}" />
				</property>

				<property name="inGoodHealth">
					<isContain value="${TrueFalse}" message="${trueorfalse}" caseSensitive="false" />
				</property>

				<property name="specialNeeds" >
					<isContain value="${TrueFalse}" message="${trueorfalse}" caseSensitive="false" />
				</property>

				<property name="previousMarriages">
					<isContain value="${TrueFalse}" message="${trueorfalse}" caseSensitive="false" />
				</property>
				
				<property name="previousEmployerName" />				
				<property name="previousJobTitle" />
				<property name="jobTitle" />
				
				<property name="previousYearsEmployed" >
					<min value="0" message="for Spouse value ${invalidMinNumber}"/> 	
					<max value="100" message="for Spouse value ${invalidMaxNumber}"/> 	
				</property>
                <property name ="yearsEmployed" >
					<min value="0" message="for Spouse value ${invalidMinNumber}"/> 	
					<max value="100" message="for Spouse value ${invalidMaxNumber}"/> 
                </property>
                
			</properties>
		</template>		
		
	</templates>
</validatorConfiguration>