<validatorConfiguration id="sf-emx-update-task">
    <vars>
        <var name="TrueFalsePattern" value="^([Tt][Rr][Uu][Ee]|[Ff][Aa][Ll][Ss][Ee])$"/>
        <var name="NotBeBlank" value=" cannot be blank"/>
    </vars>
    <templates>
        <template name="RootTemplate">
            <properties>
                <property name="trackingID" required_="true" notEmpty_="true"/>
                <property name="sourceSystem" required_="true" notEmpty_="true"/>
                <property name="tasks" required_="true" notEmpty_="true"/>
                <property name="tasks" template="TaskTemplate" isList="true"/>
            </properties>
        </template>
        <template name="TaskTemplate">
            <properties>
                <property name="metadata" required_="true" notEmpty_="true"/>
                <property  name="metadata" template="MetadataTemplate"/>
                <property name="task" notEmpty_="true" required_="true"/>
                <property name="task" template="TaskDetailTemplate"/>
            </properties>
        </template>
        <template name="MetadataTemplate">
            <properties>
                <property name="office" notEmpty_="true" required_="true"/>
                <property name="orgId" notEmpty_="true" required_="true"/>
            </properties>
        </template>
        <template name="TaskDetailTemplate">
            <properties>
                <property name="eMoneyId" required_="true" notEmpty_="true"/>
                <property name ="taskId" notEmpty_="true" required_="true"/>
                <property name="eMoneyTaskId" required_="true" notEmpty_="true"/>
                <property name="subject" notEmpty_="true" required_="true">
                    <!--  min length of string must be 10 chars -->
                    <size max="100" message="subject cannot be more than 100 characters"/>
                </property>
                <property name="assignedTo" required_="true" notEmpty_="true"/>
                <property name="isVisibleToClient">
                    <matchPattern value="${TrueFalsePattern}" message="isVisibleToClient must be true or false"/>
                </property>
                <property name="isAssignedToClient">
                    <matchPattern value="${TrueFalsePattern}" message="isAssignedToClient must be true or false"/>
                </property>
<!--                 <property name="dueDate" notEmpty_="true" required_="true">
                    <isDate pattern="yyyy-MM-dd'T'HH:mm:ss" min="1700-01-01T00:00:00" max="9999-01-01T00:00:00" message="dueDate must be valid and must be after 1700-01-01'T'00:00:00 and before 9999-01-01'T'00:00:00"/>
                </property>
                <property name="reminderDate">
                    <isDate pattern="yyyy-MM-dd'T'HH:mm:ss" min="1700-01-01T00:00:00" max="9999-01-01T00:00:00" message="reminderDate must be valid and must be after 1700-01-01'T'00:00:00 and before 9999-01-01'T'00:00:00"/>
                </property> -->
                <property name="completed">
                    <matchPattern value="${TrueFalsePattern}" message="completed must be true or false"/>
                </property>
            </properties>
        </template>

    </templates>
</validatorConfiguration>