<validatorConfiguration id="sf-emx-advisors-get">
    <vars>
        <var name="NotBeBlank" value=" cannot be blank"/>
    </vars>
    <templates>
        <template name="RootTemplate">
            <properties>
                <property name="trackingId">
                    <notEmpty message="sourceSystem ${NotBeBlank}"/>
                </property>
                <property name="orgId">
                    <notEmpty message="orgId ${NotBeBlank}"/>
                </property>
            </properties>
        </template>

    </templates>
</validatorConfiguration>