<validatorConfiguration id="sf-meta-mapping"> 

	<vars>
		<var name="NotBeBlank" value=" cannot be blank"/>
		<var name="NotEmpty" value=" cannot be empty"/>
		<var name="ActiveMessage" value=" active must be 0 or 1"/>
	</vars>

	<templates>
		<template name="RootTemplate">	
			<properties>
				<property name="mappings" template="mappings" isList="true"/>
			</properties>	
		</template>
		 
		<template name="mappings">	
			<properties>
				<property name="org_object">		
					<required message="org_object ${NotEmpty}"/>			
				</property>	
				<property name="org_object" template="org_object"/>
				<property name="entity" template="entity" isList="true"/>	
			</properties>
		</template>
		
		<template name="org_object">	
			<properties>
				<property name="org">		
					<notEmpty message="org ${NotBeBlank}"/>			
					<required message="org ${NotEmpty}"/>			
				</property>	
				<property name="sf_entity">					
					<notEmpty message="sf_entity ${NotBeBlank}"/>			
					<required message="sf_entity ${NotEmpty}"/>			
				</property>	
				<property name="emx_entity">					
					<notEmpty message="emx_entity ${NotBeBlank}"/>			
					<required message="emx_entity ${NotEmpty}"/>			
				</property>
				<property name="active">					
					<notEmpty message="active ${NotBeBlank}"/>		
					<min value="0" message="${ActiveMessage} "/> 			
					<max value="1" message="${ActiveMessage} "/> 			
				</property>	
			</properties>
		</template>
		
		<template name="entity">	
			<properties>
				<property name="sf_name">					
					<notEmpty message="sf_name ${NotBeBlank}"/>			
					<required message="sf_name ${NotEmpty}"/>			
				</property>
				<property name="sf_type">					
					<notEmpty message="sf_type ${NotBeBlank}"/>			
					<required message="sf_type ${NotEmpty}"/>			
				</property>
				<property name="emx_name">					
					<notEmpty message="emx_name ${NotBeBlank}"/>			
					<required message="emx_name ${NotEmpty}"/>			
				</property>	
				<property name="emx_type">					
					<notEmpty message="emx_type ${NotBeBlank}"/>			
					<required message="emx_type ${NotEmpty}"/>			
				</property>
			</properties>
		</template>
	   
	</templates>	 
</validatorConfiguration>