<validatorConfiguration id="sf-onboarding-mapping"> 

	<vars>
		<var name="NotBeBlank" value=" cannot be blank"/>
		<var name="NotEmpty" value=" cannot be empty"/>
		<var name="ActiveMessage" value=" active must be 0 or 1"/>
		<var name="isRequired" value=" is required"/>
	</vars>
	<templates>
		<template name="RootTemplate">	
			<properties>
				<property name="salesforce_org">
					<required message="salesforce_org  ${isRequired}"/>							
				</property>
				<property name="salesforce_org" template="salesforce_org"/>				
				
				<property name="emoney_offices">
					<required message="emoney_offices  ${isRequired}"/>							
				</property>
				<property name="emoney_offices" template="emoney_offices" isList="true" empty="false"/>				
			</properties>	
		</template>
		
		
		<template name="salesforce_org">	
			<properties>
				<property name="name">		
					<notEmpty message="name ${NotBeBlank}"/>			
					<required message="name ${NotEmpty}"/>			
				</property>	
				
				<property name="params">
					<required message="params  ${isRequired}"/>							
				</property>			
				<property name="params" template="salesforce_org_params"/>	
			</properties>
		</template>
		
		<template name="salesforce_org_params">	
			<properties>
				<property name="alg">					
					<notEmpty message="alg ${NotBeBlank}"/>			
					<required message="alg ${NotEmpty}"/>			
				</property>
				<property name="iss">					
					<notEmpty message="iss ${NotBeBlank}"/>			
					<required message="iss ${NotEmpty}"/>			
				</property>
				<property name="sub">					
					<notEmpty message="sub ${NotBeBlank}"/>			
					<required message="sub ${NotEmpty}"/>			
				</property>	
				<property name="aud">					
					<notEmpty message="aud ${NotBeBlank}"/>			
					<required message="aud ${NotEmpty}"/>			
				</property>
				<property name="expiredTimeInMinutes">					
					<notEmpty message="expiredTimeInMinutes ${NotBeBlank}"/>			
					<required message="expiredTimeInMinutes ${NotEmpty}"/>			
				</property>
				<property name="url">					
					<notEmpty message="url ${NotBeBlank}"/>			
					<required message="url ${NotEmpty}"/>			
				</property>
				<property name="privateKey">					
					<notEmpty message="privateKey ${NotBeBlank}"/>			
					<required message="privateKey ${NotEmpty}"/>			
				</property>
			</properties>
		</template>	
	
		
		 
		<template name="emoney_offices">	
			<properties>
			
				<property name="emoney_office">
					<required message="emoney_office  ${isRequired}"/>							
				</property>			
				<property name="emoney_office" template="emoney_office_params_head"/>	
							
 			</properties>
		</template>
		
		<template name="emoney_office_params_head">	
			<properties>
				<property name="name">		
					<notEmpty message="name ${NotBeBlank}"/>			
					<required message="name ${NotEmpty}"/>			
				</property>	
				
				<property name="params">
					<required message="params  ${isRequired}"/>							
				</property>			
				<property name="params" template="emoney_office_params"/>	
			</properties>
		</template>
		
		<template name="emoney_office_params">	
			<properties>
				<property name="alg">					
					<notEmpty message="alg ${NotBeBlank}"/>			
					<required message="alg ${NotEmpty}"/>			
				</property>
				<property name="iss">					
					<notEmpty message="iss ${NotBeBlank}"/>			
					<required message="iss ${NotEmpty}"/>			
				</property>
				<property name="sub">					
					<notEmpty message="sub ${NotBeBlank}"/>			
					<required message="sub ${NotEmpty}"/>			
				</property>	
				<property name="aud">					
					<notEmpty message="aud ${NotBeBlank}"/>			
					<required message="aud ${NotEmpty}"/>			
				</property>
				<property name="expiredTimeInMinutes">					
					<notEmpty message="expiredTimeInMinutes ${NotBeBlank}"/>			
					<required message="expiredTimeInMinutes ${NotEmpty}"/>			
				</property>
				<property name="privateKey">					
					<notEmpty message="privateKey ${NotBeBlank}"/>			
					<required message="privateKey ${NotEmpty}"/>			
				</property>
				
			</properties>
		</template>
	   
	</templates>	 
</validatorConfiguration>